--------------------------------------------------------
--  File created - Monday-June-29-2020   
--------------------------------------------------------
DROP SEQUENCE "ADI_06937"."ID_OPERATOR";
DROP SEQUENCE "ADI_06937"."KODE_PRODUK";
DROP TABLE "ADI_06937"."OPERATOR_06937" cascade constraints;
DROP TABLE "ADI_06937"."POMPA_06937" cascade constraints;
DROP TABLE "ADI_06937"."PRODUK_06937" cascade constraints;
DROP TABLE "ADI_06937"."TRANSAKSI_06937" cascade constraints;
DROP VIEW "ADI_06937"."LIST_PRODUK";
DROP VIEW "ADI_06937"."LIST_TRX";
DROP VIEW "ADI_06937"."LIST_TRX2";
DROP VIEW "ADI_06937"."OP";
--------------------------------------------------------
--  DDL for Sequence ID_OPERATOR
--------------------------------------------------------

   CREATE SEQUENCE  "ADI_06937"."ID_OPERATOR"  MINVALUE 1 MAXVALUE 99 INCREMENT BY 1 START WITH 4 NOCACHE  NOORDER  NOCYCLE ;
--------------------------------------------------------
--  DDL for Sequence KODE_PRODUK
--------------------------------------------------------

   CREATE SEQUENCE  "ADI_06937"."KODE_PRODUK"  MINVALUE 1 MAXVALUE 10 INCREMENT BY 1 START WITH 1 CACHE 20 NOORDER  NOCYCLE ;
--------------------------------------------------------
--  DDL for Table OPERATOR_06937
--------------------------------------------------------

  CREATE TABLE "ADI_06937"."OPERATOR_06937" 
   (	"ID_OPERATOR" NUMBER(*,0), 
	"NAMA_OPERATOR_06937" VARCHAR2(20 BYTE), 
	"ALAMAT_LENGKAP" VARCHAR2(100 BYTE), 
	"LEVEL_USER" VARCHAR2(10 BYTE)
   ) SEGMENT CREATION IMMEDIATE 
  PCTFREE 10 PCTUSED 40 INITRANS 1 MAXTRANS 255 NOCOMPRESS LOGGING
  STORAGE(INITIAL 65536 NEXT 1048576 MINEXTENTS 1 MAXEXTENTS 2147483645
  PCTINCREASE 0 FREELISTS 1 FREELIST GROUPS 1 BUFFER_POOL DEFAULT FLASH_CACHE DEFAULT CELL_FLASH_CACHE DEFAULT)
  TABLESPACE "ADI06937" ;
--------------------------------------------------------
--  DDL for Table POMPA_06937
--------------------------------------------------------

  CREATE TABLE "ADI_06937"."POMPA_06937" 
   (	"ID_POMPA" NUMBER(*,0), 
	"KODE_PRODUK" NUMBER(*,0), 
	"NOMOR_POMPA" NUMBER(2,0), 
	"KAPASITAS" NUMBER(*,0)
   ) SEGMENT CREATION IMMEDIATE 
  PCTFREE 10 PCTUSED 40 INITRANS 1 MAXTRANS 255 NOCOMPRESS LOGGING
  STORAGE(INITIAL 65536 NEXT 1048576 MINEXTENTS 1 MAXEXTENTS 2147483645
  PCTINCREASE 0 FREELISTS 1 FREELIST GROUPS 1 BUFFER_POOL DEFAULT FLASH_CACHE DEFAULT CELL_FLASH_CACHE DEFAULT)
  TABLESPACE "ADI06937" ;
--------------------------------------------------------
--  DDL for Table PRODUK_06937
--------------------------------------------------------

  CREATE TABLE "ADI_06937"."PRODUK_06937" 
   (	"KODE_PRODUK" NUMBER(*,0), 
	"NAMA_PRODUK" VARCHAR2(10 BYTE), 
	"HARGA" NUMBER(6,0)
   ) SEGMENT CREATION IMMEDIATE 
  PCTFREE 10 PCTUSED 40 INITRANS 1 MAXTRANS 255 NOCOMPRESS LOGGING
  STORAGE(INITIAL 65536 NEXT 1048576 MINEXTENTS 1 MAXEXTENTS 2147483645
  PCTINCREASE 0 FREELISTS 1 FREELIST GROUPS 1 BUFFER_POOL DEFAULT FLASH_CACHE DEFAULT CELL_FLASH_CACHE DEFAULT)
  TABLESPACE "ADI06937" ;
--------------------------------------------------------
--  DDL for Table TRANSAKSI_06937
--------------------------------------------------------

  CREATE TABLE "ADI_06937"."TRANSAKSI_06937" 
   (	"ID_OPERATOR" NUMBER(*,0), 
	"ID_POMPA" NUMBER(*,0), 
	"WAKTU" DATE, 
	"TOTAL_LITER" NUMBER(6,0), 
	"TOTAL_BAYAR" NUMBER(10,0), 
	"NO_PLAT" VARCHAR2(10 BYTE), 
	"ID_TRX" VARCHAR2(100 BYTE)
   ) SEGMENT CREATION IMMEDIATE 
  PCTFREE 10 PCTUSED 40 INITRANS 1 MAXTRANS 255 NOCOMPRESS LOGGING
  STORAGE(INITIAL 65536 NEXT 1048576 MINEXTENTS 1 MAXEXTENTS 2147483645
  PCTINCREASE 0 FREELISTS 1 FREELIST GROUPS 1 BUFFER_POOL DEFAULT FLASH_CACHE DEFAULT CELL_FLASH_CACHE DEFAULT)
  TABLESPACE "ADI06937" ;
--------------------------------------------------------
--  DDL for View LIST_PRODUK
--------------------------------------------------------

  CREATE OR REPLACE FORCE VIEW "ADI_06937"."LIST_PRODUK" ("ID_POMPA", "NAMA_PRODUK", "NOMOR_POMPA") AS 
  SELECT a.Id_pompa, b.Nama_produk, a.Nomor_Pompa
FROM Pompa_06937 a JOIN
Produk_06937 b
ON a.KODE_PRODUK = b.KODE_PRODUK
WHERE rownum <= 4
;
--------------------------------------------------------
--  DDL for View LIST_TRX
--------------------------------------------------------

  CREATE OR REPLACE FORCE VIEW "ADI_06937"."LIST_TRX" ("ID_OPERATOR", "ID_TRX", "KPST") AS 
  SELECT c.Id_operator, a.Id_Trx, (SELECT MAX(b.Kapasitas) AS Tertinggi FROM Pompa_06937) As KPST
FROM Transaksi_06937 a LEFT JOIN
Pompa_06937 b
ON a.Id_pompa = b.Id_pompa
LEFT JOIN Operator_06937 c
ON c.Id_operator = a.Id_operator
WHERE rownum <= 5
;
--------------------------------------------------------
--  DDL for View LIST_TRX2
--------------------------------------------------------

  CREATE OR REPLACE FORCE VIEW "ADI_06937"."LIST_TRX2" ("ID_OPERATOR", "ID_TRX", "KPST") AS 
  SELECT c.Id_operator, a.Id_Trx, (SELECT MAX(b.Kapasitas) AS Tertinggi FROM Pompa_06937) As KPST
FROM Transaksi_06937 a LEFT JOIN
Pompa_06937 b
ON a.Id_pompa = b.Id_pompa
LEFT JOIN Operator_06937 c
ON c.Id_operator = a.Id_operator
WHERE rownum <= 5
;
--------------------------------------------------------
--  DDL for View OP
--------------------------------------------------------

  CREATE OR REPLACE FORCE VIEW "ADI_06937"."OP" ("ID_OPERATOR", "NAMA_OPERATOR_06937", "ALAMAT_LENGKAP", "LEVEL_USER") AS 
  SELECT "ID_OPERATOR","NAMA_OPERATOR_06937","ALAMAT_LENGKAP","LEVEL_USER" FROM Operator_06937
;
REM INSERTING into ADI_06937.OPERATOR_06937
SET DEFINE OFF;
Insert into ADI_06937.OPERATOR_06937 (ID_OPERATOR,NAMA_OPERATOR_06937,ALAMAT_LENGKAP,LEVEL_USER) values (3,'Basuni','Gresik','operator');
Insert into ADI_06937.OPERATOR_06937 (ID_OPERATOR,NAMA_OPERATOR_06937,ALAMAT_LENGKAP,LEVEL_USER) values (10,'Admin','Mars','admin');
Insert into ADI_06937.OPERATOR_06937 (ID_OPERATOR,NAMA_OPERATOR_06937,ALAMAT_LENGKAP,LEVEL_USER) values (20,'Adi','Surabaya','operator');
Insert into ADI_06937.OPERATOR_06937 (ID_OPERATOR,NAMA_OPERATOR_06937,ALAMAT_LENGKAP,LEVEL_USER) values (21,'Munir','Bojonegoro','operator');
Insert into ADI_06937.OPERATOR_06937 (ID_OPERATOR,NAMA_OPERATOR_06937,ALAMAT_LENGKAP,LEVEL_USER) values (22,'Ilham','Surabaya','operator');
Insert into ADI_06937.OPERATOR_06937 (ID_OPERATOR,NAMA_OPERATOR_06937,ALAMAT_LENGKAP,LEVEL_USER) values (23,'Dani','Gresik','operator');
Insert into ADI_06937.OPERATOR_06937 (ID_OPERATOR,NAMA_OPERATOR_06937,ALAMAT_LENGKAP,LEVEL_USER) values (2,'BAGUS','SURABAYA','operator');
REM INSERTING into ADI_06937.POMPA_06937
SET DEFINE OFF;
Insert into ADI_06937.POMPA_06937 (ID_POMPA,KODE_PRODUK,NOMOR_POMPA,KAPASITAS) values (1,1,1,10000);
Insert into ADI_06937.POMPA_06937 (ID_POMPA,KODE_PRODUK,NOMOR_POMPA,KAPASITAS) values (2,2,2,10000);
Insert into ADI_06937.POMPA_06937 (ID_POMPA,KODE_PRODUK,NOMOR_POMPA,KAPASITAS) values (3,3,3,10000);
Insert into ADI_06937.POMPA_06937 (ID_POMPA,KODE_PRODUK,NOMOR_POMPA,KAPASITAS) values (4,4,4,10000);
Insert into ADI_06937.POMPA_06937 (ID_POMPA,KODE_PRODUK,NOMOR_POMPA,KAPASITAS) values (5,5,5,10000);
Insert into ADI_06937.POMPA_06937 (ID_POMPA,KODE_PRODUK,NOMOR_POMPA,KAPASITAS) values (6,1,6,10000);
Insert into ADI_06937.POMPA_06937 (ID_POMPA,KODE_PRODUK,NOMOR_POMPA,KAPASITAS) values (7,2,7,10000);
Insert into ADI_06937.POMPA_06937 (ID_POMPA,KODE_PRODUK,NOMOR_POMPA,KAPASITAS) values (8,3,8,10000);
Insert into ADI_06937.POMPA_06937 (ID_POMPA,KODE_PRODUK,NOMOR_POMPA,KAPASITAS) values (9,4,9,10000);
Insert into ADI_06937.POMPA_06937 (ID_POMPA,KODE_PRODUK,NOMOR_POMPA,KAPASITAS) values (10,5,10,10000);
REM INSERTING into ADI_06937.PRODUK_06937
SET DEFINE OFF;
Insert into ADI_06937.PRODUK_06937 (KODE_PRODUK,NAMA_PRODUK,HARGA) values (2,'PERTALITE',7650);
Insert into ADI_06937.PRODUK_06937 (KODE_PRODUK,NAMA_PRODUK,HARGA) values (3,'PREMIUM',6450);
Insert into ADI_06937.PRODUK_06937 (KODE_PRODUK,NAMA_PRODUK,HARGA) values (4,'DEXLITE',9500);
Insert into ADI_06937.PRODUK_06937 (KODE_PRODUK,NAMA_PRODUK,HARGA) values (5,'BIO SOLAR',5150);
Insert into ADI_06937.PRODUK_06937 (KODE_PRODUK,NAMA_PRODUK,HARGA) values (1,'PERTAMAX',9000);
REM INSERTING into ADI_06937.TRANSAKSI_06937
SET DEFINE OFF;
Insert into ADI_06937.TRANSAKSI_06937 (ID_OPERATOR,ID_POMPA,WAKTU,TOTAL_LITER,TOTAL_BAYAR,NO_PLAT,ID_TRX) values (20,1,to_date('01-MAY-20','DD-MON-RR'),1,10000,'L 1 KE','TRX1');
Insert into ADI_06937.TRANSAKSI_06937 (ID_OPERATOR,ID_POMPA,WAKTU,TOTAL_LITER,TOTAL_BAYAR,NO_PLAT,ID_TRX) values (21,2,to_date('02-MAY-20','DD-MON-RR'),2,20000,'L 2 KE','TRX2');
Insert into ADI_06937.TRANSAKSI_06937 (ID_OPERATOR,ID_POMPA,WAKTU,TOTAL_LITER,TOTAL_BAYAR,NO_PLAT,ID_TRX) values (22,3,to_date('03-MAY-20','DD-MON-RR'),3,30000,'L 3 KE','TRX3');
Insert into ADI_06937.TRANSAKSI_06937 (ID_OPERATOR,ID_POMPA,WAKTU,TOTAL_LITER,TOTAL_BAYAR,NO_PLAT,ID_TRX) values (23,4,to_date('04-MAY-20','DD-MON-RR'),4,40000,'L 4 KE','TRX4');
Insert into ADI_06937.TRANSAKSI_06937 (ID_OPERATOR,ID_POMPA,WAKTU,TOTAL_LITER,TOTAL_BAYAR,NO_PLAT,ID_TRX) values (20,5,to_date('05-MAY-20','DD-MON-RR'),5,50000,'L 5 KE','TRX5');
Insert into ADI_06937.TRANSAKSI_06937 (ID_OPERATOR,ID_POMPA,WAKTU,TOTAL_LITER,TOTAL_BAYAR,NO_PLAT,ID_TRX) values (21,6,to_date('06-MAY-20','DD-MON-RR'),6,60000,'L 6 KE','TRX6');
Insert into ADI_06937.TRANSAKSI_06937 (ID_OPERATOR,ID_POMPA,WAKTU,TOTAL_LITER,TOTAL_BAYAR,NO_PLAT,ID_TRX) values (22,7,to_date('07-MAY-20','DD-MON-RR'),7,70000,'L 7 KE','TRX7');
Insert into ADI_06937.TRANSAKSI_06937 (ID_OPERATOR,ID_POMPA,WAKTU,TOTAL_LITER,TOTAL_BAYAR,NO_PLAT,ID_TRX) values (23,8,to_date('08-MAY-20','DD-MON-RR'),8,80000,'L 8 KE','TRX8');
Insert into ADI_06937.TRANSAKSI_06937 (ID_OPERATOR,ID_POMPA,WAKTU,TOTAL_LITER,TOTAL_BAYAR,NO_PLAT,ID_TRX) values (20,9,to_date('09-MAY-20','DD-MON-RR'),9,90000,'L 9 KE','TRX9');
Insert into ADI_06937.TRANSAKSI_06937 (ID_OPERATOR,ID_POMPA,WAKTU,TOTAL_LITER,TOTAL_BAYAR,NO_PLAT,ID_TRX) values (21,10,to_date('10-MAY-20','DD-MON-RR'),10,100000,'L 10 KE','TRX10');
--------------------------------------------------------
--  DDL for Index PK_POMPA
--------------------------------------------------------

  CREATE UNIQUE INDEX "ADI_06937"."PK_POMPA" ON "ADI_06937"."POMPA_06937" ("ID_POMPA") 
  PCTFREE 10 INITRANS 2 MAXTRANS 255 COMPUTE STATISTICS 
  STORAGE(INITIAL 65536 NEXT 1048576 MINEXTENTS 1 MAXEXTENTS 2147483645
  PCTINCREASE 0 FREELISTS 1 FREELIST GROUPS 1 BUFFER_POOL DEFAULT FLASH_CACHE DEFAULT CELL_FLASH_CACHE DEFAULT)
  TABLESPACE "ADI06937" ;
--------------------------------------------------------
--  DDL for Index PK_PRODUK
--------------------------------------------------------

  CREATE UNIQUE INDEX "ADI_06937"."PK_PRODUK" ON "ADI_06937"."PRODUK_06937" ("KODE_PRODUK") 
  PCTFREE 10 INITRANS 2 MAXTRANS 255 COMPUTE STATISTICS 
  STORAGE(INITIAL 65536 NEXT 1048576 MINEXTENTS 1 MAXEXTENTS 2147483645
  PCTINCREASE 0 FREELISTS 1 FREELIST GROUPS 1 BUFFER_POOL DEFAULT FLASH_CACHE DEFAULT CELL_FLASH_CACHE DEFAULT)
  TABLESPACE "ADI06937" ;
--------------------------------------------------------
--  DDL for Index PK_OPERATOR
--------------------------------------------------------

  CREATE UNIQUE INDEX "ADI_06937"."PK_OPERATOR" ON "ADI_06937"."OPERATOR_06937" ("ID_OPERATOR") 
  PCTFREE 10 INITRANS 2 MAXTRANS 255 COMPUTE STATISTICS 
  STORAGE(INITIAL 65536 NEXT 1048576 MINEXTENTS 1 MAXEXTENTS 2147483645
  PCTINCREASE 0 FREELISTS 1 FREELIST GROUPS 1 BUFFER_POOL DEFAULT FLASH_CACHE DEFAULT CELL_FLASH_CACHE DEFAULT)
  TABLESPACE "ADI06937" ;
--------------------------------------------------------
--  DDL for Index NAMA_PRODUK
--------------------------------------------------------

  CREATE UNIQUE INDEX "ADI_06937"."NAMA_PRODUK" ON "ADI_06937"."PRODUK_06937" ("NAMA_PRODUK") 
  PCTFREE 10 INITRANS 2 MAXTRANS 255 COMPUTE STATISTICS 
  STORAGE(INITIAL 65536 NEXT 1048576 MINEXTENTS 1 MAXEXTENTS 2147483645
  PCTINCREASE 0 FREELISTS 1 FREELIST GROUPS 1 BUFFER_POOL DEFAULT FLASH_CACHE DEFAULT CELL_FLASH_CACHE DEFAULT)
  TABLESPACE "ADI06937" ;
--------------------------------------------------------
--  DDL for Index PK_ID_TRX
--------------------------------------------------------

  CREATE UNIQUE INDEX "ADI_06937"."PK_ID_TRX" ON "ADI_06937"."TRANSAKSI_06937" ("ID_TRX") 
  PCTFREE 10 INITRANS 2 MAXTRANS 255 COMPUTE STATISTICS 
  STORAGE(INITIAL 65536 NEXT 1048576 MINEXTENTS 1 MAXEXTENTS 2147483645
  PCTINCREASE 0 FREELISTS 1 FREELIST GROUPS 1 BUFFER_POOL DEFAULT FLASH_CACHE DEFAULT CELL_FLASH_CACHE DEFAULT)
  TABLESPACE "ADI06937" ;
--------------------------------------------------------
--  Constraints for Table POMPA_06937
--------------------------------------------------------

  ALTER TABLE "ADI_06937"."POMPA_06937" MODIFY ("KAPASITAS" NOT NULL ENABLE);
  ALTER TABLE "ADI_06937"."POMPA_06937" ADD CONSTRAINT "PK_POMPA" PRIMARY KEY ("ID_POMPA")
  USING INDEX PCTFREE 10 INITRANS 2 MAXTRANS 255 COMPUTE STATISTICS 
  STORAGE(INITIAL 65536 NEXT 1048576 MINEXTENTS 1 MAXEXTENTS 2147483645
  PCTINCREASE 0 FREELISTS 1 FREELIST GROUPS 1 BUFFER_POOL DEFAULT FLASH_CACHE DEFAULT CELL_FLASH_CACHE DEFAULT)
  TABLESPACE "ADI06937"  ENABLE;
  ALTER TABLE "ADI_06937"."POMPA_06937" MODIFY ("ID_POMPA" NOT NULL ENABLE);
--------------------------------------------------------
--  Constraints for Table OPERATOR_06937
--------------------------------------------------------

  ALTER TABLE "ADI_06937"."OPERATOR_06937" ADD CONSTRAINT "PK_OPERATOR" PRIMARY KEY ("ID_OPERATOR")
  USING INDEX PCTFREE 10 INITRANS 2 MAXTRANS 255 COMPUTE STATISTICS 
  STORAGE(INITIAL 65536 NEXT 1048576 MINEXTENTS 1 MAXEXTENTS 2147483645
  PCTINCREASE 0 FREELISTS 1 FREELIST GROUPS 1 BUFFER_POOL DEFAULT FLASH_CACHE DEFAULT CELL_FLASH_CACHE DEFAULT)
  TABLESPACE "ADI06937"  ENABLE;
  ALTER TABLE "ADI_06937"."OPERATOR_06937" MODIFY ("ID_OPERATOR" NOT NULL ENABLE);
--------------------------------------------------------
--  Constraints for Table TRANSAKSI_06937
--------------------------------------------------------

  ALTER TABLE "ADI_06937"."TRANSAKSI_06937" ADD CONSTRAINT "PK_ID_TRX" PRIMARY KEY ("ID_TRX")
  USING INDEX PCTFREE 10 INITRANS 2 MAXTRANS 255 COMPUTE STATISTICS 
  STORAGE(INITIAL 65536 NEXT 1048576 MINEXTENTS 1 MAXEXTENTS 2147483645
  PCTINCREASE 0 FREELISTS 1 FREELIST GROUPS 1 BUFFER_POOL DEFAULT FLASH_CACHE DEFAULT CELL_FLASH_CACHE DEFAULT)
  TABLESPACE "ADI06937"  ENABLE;
  ALTER TABLE "ADI_06937"."TRANSAKSI_06937" MODIFY ("NO_PLAT" NOT NULL ENABLE);
  ALTER TABLE "ADI_06937"."TRANSAKSI_06937" MODIFY ("TOTAL_BAYAR" NOT NULL ENABLE);
  ALTER TABLE "ADI_06937"."TRANSAKSI_06937" MODIFY ("TOTAL_LITER" NOT NULL ENABLE);
  ALTER TABLE "ADI_06937"."TRANSAKSI_06937" MODIFY ("WAKTU" NOT NULL ENABLE);
  ALTER TABLE "ADI_06937"."TRANSAKSI_06937" MODIFY ("ID_POMPA" NOT NULL ENABLE);
  ALTER TABLE "ADI_06937"."TRANSAKSI_06937" MODIFY ("ID_TRX" NOT NULL ENABLE);
  ALTER TABLE "ADI_06937"."TRANSAKSI_06937" MODIFY ("ID_OPERATOR" NOT NULL ENABLE);
--------------------------------------------------------
--  Constraints for Table PRODUK_06937
--------------------------------------------------------

  ALTER TABLE "ADI_06937"."PRODUK_06937" ADD CONSTRAINT "NAMA_PRODUK" UNIQUE ("NAMA_PRODUK")
  USING INDEX PCTFREE 10 INITRANS 2 MAXTRANS 255 COMPUTE STATISTICS 
  STORAGE(INITIAL 65536 NEXT 1048576 MINEXTENTS 1 MAXEXTENTS 2147483645
  PCTINCREASE 0 FREELISTS 1 FREELIST GROUPS 1 BUFFER_POOL DEFAULT FLASH_CACHE DEFAULT CELL_FLASH_CACHE DEFAULT)
  TABLESPACE "ADI06937"  ENABLE;
  ALTER TABLE "ADI_06937"."PRODUK_06937" ADD CONSTRAINT "PK_PRODUK" PRIMARY KEY ("KODE_PRODUK")
  USING INDEX PCTFREE 10 INITRANS 2 MAXTRANS 255 COMPUTE STATISTICS 
  STORAGE(INITIAL 65536 NEXT 1048576 MINEXTENTS 1 MAXEXTENTS 2147483645
  PCTINCREASE 0 FREELISTS 1 FREELIST GROUPS 1 BUFFER_POOL DEFAULT FLASH_CACHE DEFAULT CELL_FLASH_CACHE DEFAULT)
  TABLESPACE "ADI06937"  ENABLE;
  ALTER TABLE "ADI_06937"."PRODUK_06937" MODIFY ("KODE_PRODUK" NOT NULL ENABLE);
--------------------------------------------------------
--  Ref Constraints for Table POMPA_06937
--------------------------------------------------------

  ALTER TABLE "ADI_06937"."POMPA_06937" ADD CONSTRAINT "FK_KODE_PRODUK" FOREIGN KEY ("KODE_PRODUK")
	  REFERENCES "ADI_06937"."PRODUK_06937" ("KODE_PRODUK") ENABLE;
--------------------------------------------------------
--  Ref Constraints for Table TRANSAKSI_06937
--------------------------------------------------------

  ALTER TABLE "ADI_06937"."TRANSAKSI_06937" ADD CONSTRAINT "FK_ID_OPERATOR" FOREIGN KEY ("ID_OPERATOR")
	  REFERENCES "ADI_06937"."OPERATOR_06937" ("ID_OPERATOR") ENABLE;
  ALTER TABLE "ADI_06937"."TRANSAKSI_06937" ADD CONSTRAINT "FK_ID_POMPA" FOREIGN KEY ("ID_POMPA")
	  REFERENCES "ADI_06937"."POMPA_06937" ("ID_POMPA") ENABLE;
